importId;openSuitRedmineSync.importId;fieldNameInAbs;fieldNameInRedmine;defaultAbsValue;isCustomRedmineField;isSelectField;typeSelectInAbs;relatedFieldInAbsToRedmineSelect;fieldMappingDirection
1;1;priority;priorityText;;false;true;select;;both
2;1;status;statusName;;false;true;select;;both
3;1;progressSelect;doneRatio;;false;false;;;both
4;1;name;subject;;false;false;;;ostoredmine
5;1;description;description;;false;false;;;ostoredmine
6;1;project;projectId;;false;false;;;ostoredmine
7;1;parentTask;parentId;;false;false;;;both
8;2;duration;hours;;false;false;;;both
9;2;teamTask;issueId;;false;false;;;both
10;2;project;projectId;;false;false;;;both
11;2;product;Product;;true;true;m2o;code;redminetoos
12;2;date;spentOn;;false;false;;;both
13;3;extendsMembersFromParent;inheritMembers;false;false;false;;;both
14;3;parentProject;parentId;;false;false;;;both
15;3;description;description;;false;false;;;both
16;3;name;name;;false;false;;;both
17;3;code;identifier;;false;false;;;both
18;4;name;name;;false;false;;;redminetoos
19;5;project;projectId;;false;false;;;both
20;5;content;description;;false;false;;;both
21;5;title;name;;false;false;;;both
